{
  "weights": [
    -1.239548381791626,
    -0.6917482824836049,
    -0.4188966056535303,
    1.1040222699390163,
    0.0,
    2.468374164335534,
    2.468374164335534,
    0.9835078956242715,
    -0.42151524563018056
  ],
  "bias": -2.3501932699287633,
  "threshold": 0.5
}